V1,heard_of_drones,what_is_Chtofrjk,decide_intent,ai_have_intent,responsible_programmer,responsible_AI_employer,responsible_instructor,responsible_Human_employer,why_responsibility,pilot_mistake,drone_error,heard_of_ai,ai_means_what,PROLIFIC_PID,country_name,country_adj,Intent_word,second_Intent_word,first_Intent_word,Definition,second_Definition,first_Definition,pilot,your_WF_LT_BT_Benefit,your_WF_LT_BT_Intent,your_WF_LT_BT_Desire,your_WF_LT_BT_Skills,your_WF_LT_BT_Break_the_law,your_WF_LT_BT_Cause,your_WF_LT_BT_Decision_freedom,your_WF_LT_BT_Predict,your_WF_LF_BT_Benefit,your_WF_LF_BT_Intent,your_WF_LF_BT_Desire,your_WF_LF_BT_Skills,your_WF_LF_BT_Break_the_law,your_WF_LF_BT_Cause,your_WF_LF_BT_Decision_freedom,your_WF_LF_BT_Predict,your_WT_LT_BT_Benefit,your_WT_LT_BT_Intent,your_WT_LT_BT_Desire,your_WT_LT_BT_Skills,your_WT_LT_BT_Break_the_law,your_WT_LT_BT_Cause,your_WT_LT_BT_Decision_freedom,your_WT_LT_BT_Predict,your_WT_LF_BT_Benefit,your_WT_LF_BT_Intent,your_WT_LF_BT_Desire,your_WT_LF_BT_Skills,your_WT_LF_BT_Break_the_law,your_WT_LF_BT_Cause,your_WT_LF_BT_Decision_freedom,your_WT_LF_BT_Predict,your_WF_LT_BF_Benefit,your_WF_LT_BF_Intent,your_WF_LT_BF_Desire,your_WF_LT_BF_Skills,your_WF_LT_BF_Break_the_law,your_WF_LT_BF_Cause,your_WF_LT_BF_Decision_freedom,your_WF_LT_BF_Predict,your_WF_LF_BF_Benefit,your_WF_LF_BF_Intent,your_WF_LF_BF_Desire,your_WF_LF_BF_Skills,your_WF_LF_BF_Break_the_law,your_WF_LF_BF_Cause,your_WF_LF_BF_Decision_freedom,your_WF_LF_BF_Predict,your_WT_LT_BF_Benefit,your_WT_LT_BF_Intent,your_WT_LT_BF_Desire,your_WT_LT_BF_Skills,your_WT_LT_BF_Break_the_law,your_WT_LT_BF_Cause,your_WT_LT_BF_Decision_freedom,your_WT_LT_BF_Predict,your_WT_LF_BF_Benefit,your_WT_LF_BF_Intent,your_WT_LF_BF_Desire,your_WT_LF_BF_Skills,your_WT_LF_BF_Break_the_law,your_WT_LF_BF_Cause,your_WT_LF_BF_Decision_freedom,your_WT_LF_BF_Predict,Formal_WF_LT_BT_Benefit,Formal_WF_LT_BT_Intent,Formal_WF_LT_BT_Desire,Formal_WF_LT_BT_Skills,Formal_WF_LT_BT_Break_the_law,Formal_WF_LT_BT_Cause,Formal_WF_LT_BT_Decision_freedom,Formal_WF_LT_BT_Predict,Formal_WF_LF_BT_Benefit,Formal_WF_LF_BT_Intent,Formal_WF_LF_BT_Desire,Formal_WF_LF_BT_Skills,Formal_WF_LF_BT_Break_the_law,Formal_WF_LF_BT_Cause,Formal_WF_LF_BT_Decision_freedom,Formal_WF_LF_BT_Predict,Formal_WT_LT_BT_Benefit,Formal_WT_LT_BT_Intent,Formal_WT_LT_BT_Desire,Formal_WT_LT_BT_Skills,Formal_WT_LT_BT_Break_the_law,Formal_WT_LT_BT_Cause,Formal_WT_LT_BT_Decision_freedom,Formal_WT_LT_BT_Predict,Formal_WT_LF_BT_Benefit,Formal_WT_LF_BT_Intent,Formal_WT_LF_BT_Desire,Formal_WT_LF_BT_Skills,Formal_WT_LF_BT_Break_the_law,Formal_WT_LF_BT_Cause,Formal_WT_LF_BT_Decision_freedom,Formal_WT_LF_BT_Predict,Formal_WF_LT_BF_Benefit,Formal_WF_LT_BF_Intent,Formal_WF_LT_BF_Desire,Formal_WF_LT_BF_Skills,Formal_WF_LT_BF_Break_the_law,Formal_WF_LT_BF_Cause,Formal_WF_LT_BF_Decision_freedom,Formal_WF_LT_BF_Predict,Formal_WF_LF_BF_Benefit,Formal_WF_LF_BF_Intent,Formal_WF_LF_BF_Desire,Formal_WF_LF_BF_Skills,Formal_WF_LF_BF_Break_the_law,Formal_WF_LF_BF_Cause,Formal_WF_LF_BF_Decision_freedom,Formal_WF_LF_BF_Predict,Formal_WT_LT_BF_Benefit,Formal_WT_LT_BF_Intent,Formal_WT_LT_BF_Desire,Formal_WT_LT_BF_Skills,Formal_WT_LT_BF_Break_the_law,Formal_WT_LT_BF_Cause,Formal_WT_LT_BF_Decision_freedom,Formal_WT_LT_BF_Predict,Formal_WT_LF_BF_Benefit,Formal_WT_LF_BF_Intent,Formal_WT_LF_BF_Desire,Formal_WT_LF_BF_Skills,Formal_WT_LF_BF_Break_the_law,Formal_WT_LF_BF_Cause,Formal_WT_LF_BF_Decision_freedom,Formal_WT_LF_BF_Predict
2,I have heard about drones before,Forced to break the law,How many times they broke the law and if it was needed,No because computers can be hacked and it could become unsafe,3,8,9,8,It's a human judgement which means they made the choice to break the law,5,3,No,Computers controlling the drone,60e1b62573820810826e4087,Fhljmakon,Fhljmakonian,Cthofrjk,Cthofrjk,Intent,The Formal,The Formal,your,Human,Yes,10,10,10,1,9,10,10,Yes,10,10,10,10,10,9,9,Yes,1,1,6,1,4,4,3,Yes,1,3,9,7,1,2,2,No,10,10,10,1,10,10,10,No,10,2,5,7,5,9,6,No,1,1,6,1,4,6,4,No,10,2,6,10,3,6,6,Yes,8,7,8,7,8,7,9,Yes,6,8,8,7,8,6,8,Yes,9,10,9,9,9,7,9,Yes,8,7,7,6,8,8,7,Yes,7,6,8,5,8,6,8,No,10,10,8,7,8,8,8,Yes,5,8,8,0,8,7,7,Yes,8,7,8,6,7,6,8
5,I have heard about drones before,Intent to fly in the specific area,If they meant to fly in that zone,"Yes because they learn as they do things, and can be programmed a certain way",10,10,3,7,The employer and trainer are ultimately responsible for the employees actions,7,3,Yes,Autonomous machinery,57627bfcb1981100068ad7e3,Fhljmakon,Fhljmakonian,Cthofrjk,Cthofrjk,Intent,The Formal,The Formal,your,Human,Yes,10,10,10,0,10,10,10,Yes,10,10,7,10,10,10,10,Yes,3,9,9,1,8,8,8,Yes,3,7,6,6,7,8,9,No,10,10,10,0,10,10,10,No,10,10,8,10,10,10,10,Yes,5,6,6,1,6,5,7,Yes,1,6,7,2,8,8,7,Yes,10,10,10,0,10,10,10,Yes,10,10,6,10,10,10,10,Yes,2,7,7,1,6,6,5,Yes,1,7,6,2,6,5,5,No,10,10,7,0,10,10,10,No,10,10,4,0,10,10,10,No,0,7,6,0,7,7,6,Yes,1,7,6,3,7,7,7
6,I have heard about drones before,Drones can only fly in a specific location if they intend to fly through it.,The legality and the benefit of the drone flying through the locations,"Yes, I believe that AI could have intent because they can be trained to hold the intent of a human pilot. ",7,6,8,8,Both the employer and the pilot of should hold high responsibilities in their actions.,7,4,Yes,AI could be used to make decisions on where to fly based on the wind and fastest route it could take to get to the destination a,5c324470d071a2000143c82a,Fhljmakon,Fhljmakonian,Cthofrjk,Cthofrjk,Intent,The Formal,The Formal,your,Human,Yes,10,10,10,5,10,4,2,Yes,6,5,1,4,5,5,2,Yes,10,10,10,3,9,8,2,Yes,4,2,3,2,5,5,1,No,9,9,9,1,9,5,8,No,1,1,1,3,1,3,1,Yes,10,9,10,2,6,5,3,Yes,4,2,2,5,1,5,1,Yes,10,8,7,0,5,5,9,Yes,9,10,10,8,6,7,3,Yes,10,10,10,3,9,4,4,Yes,9,10,10,7,10,6,8,No,5,6,3,1,6,7,2,No,3,1,1,1,1,1,1,Yes,10,10,10,1,8,8,5,Yes,8,7,6,3,7,4,3
8,I have heard about drones before,It is an illegal fly zone,The description helped me to decide,No i dont think they can have intent,7,10,10,10,The description helped me to determin these judgments,1,5,Yes,I think it means a robot or computer,60ce1d6d0c6dae2c0360f926,Fhljmakon,Fhljmakonian,Cthofrjk,Cthofrjk,Intent,The Formal,The Formal,your,AI,Yes,10,10,10,4,9,10,3,Yes,7,8,7,7,6,7,7,Yes,10,8,9,2,8,9,8,Yes,2,5,8,10,5,6,6,Yes,9,6,7,9,6,9,7,Yes,7,7,7,8,7,7,7,Yes,10,10,10,2,10,10,10,No,3,2,5,10,5,5,4,Yes,10,8,8,9,8,8,8,Yes,8,8,7,7,9,8,6,Yes,9,7,9,8,8,7,6,Yes,6,6,7,6,6,5,6,No,6,8,7,6,8,9,7,No,7,4,5,6,4,4,5,Yes,6,7,9,8,8,7,8,No,6,9,6,8,7,8,9
11,I have heard about drones before,The intent to fly through that specific zone.,"whether there was wind or not, and whether they moved the drone in a direction to account for the wind, which they knew would be","Yes, as they can be programmed by a human pilot with intent, therefore giving the AI intent, however you could argue that this i",7,6,6,5,"After training and employment, a trainer and employer must give the pilot their own responsibility, as otherwise it would be poi",3,6,Yes,programmed pilots with algorithms that can control drones in the place of human pilots.,60e08fee5babddf2e34f1db5,Fhljmakon,Fhljmakonian,Cthofrjk,Cthofrjk,Intent,The Formal,The Formal,your,Human,Yes,10,10,8,2,10,10,10,Yes,10,10,9,8,10,10,10,Yes,8,8,7,3,8,10,9,Yes,7,6,4,6,4,10,8,No,10,10,6,1,10,10,10,No,10,6,5,7,10,10,10,Yes,8,7,5,1,6,10,8,Yes,7,7,8,6,8,10,9,Yes,10,10,9,2,10,10,10,Yes,10,10,8,10,10,10,10,Yes,8,9,8,3,8,10,8,Yes,8,7,6,7,7,10,8,No,10,6,5,2,7,10,7,No,10,10,9,9,10,10,10,Yes,8,7,6,2,8,10,7,Yes,8,6,6,6,9,10,9
14,I have heard about drones before,planned route with no regards for consequences,foreseeable planned route and desire,"no, it is programmed to follow instructions",1,10,5,5,Human desire and decision making is not programmed thus responsibility shifts,3,5,Yes,"data covering map routes, building space, airport times ",5eaa97d07eda6e01ec108107,Fhljmakon,Fhljmakonian,Cthofrjk,Cthofrjk,Intent,The Formal,The Formal,your,AI,Yes,10,8,5,5,7,4,1,Yes,9,8,8,9,9,9,7,Yes,0,1,4,5,1,3,5,Yes,3,4,3,4,4,4,3,No,10,9,9,5,10,10,10,No,8,7,6,8,8,7,6,No,0,3,5,5,4,3,5,Yes,1,2,4,4,3,3,3,Yes,3,6,8,0,8,4,8,Yes,4,7,9,9,10,10,8,Yes,2,4,7,0,7,5,6,Yes,1,3,1,3,1,2,4,No,5,6,5,5,7,7,10,No,7,6,5,7,7,6,7,No,3,2,3,5,3,4,6,Yes,5,5,5,7,6,7,7
15,I have heard about drones before,I would say no illegal flying,Based on the wind levels,Yes I do think this because they are aware of the conditions,3,7,10,8,My own opinion formed these judgements,9,8,No,Drones perhaps or maybe aliens,5ec83217e7e29110f1f1cde0,Fhljmakon,Fhljmakonian,Cthofrjk,Cthofrjk,Intent,The Formal,The Formal,your,Human,Yes,8,5,3,7,5,5,5,Yes,10,10,10,10,10,10,10,Yes,0,0,5,0,0,0,2,Yes,4,5,5,6,5,5,9,No,10,10,10,0,10,10,10,No,10,10,4,10,10,10,10,Yes,6,4,5,5,9,5,5,Yes,10,5,5,5,5,5,5,Yes,3,10,10,0,10,10,10,No,8,5,5,5,5,5,6,Yes,4,5,10,10,10,10,10,Yes,4,9,9,8,9,9,9,Yes,2,5,5,5,5,5,5,No,6,5,5,7,7,6,6,Yes,3,7,6,6,6,6,6,Yes,5,3,3,2,7,7,6
16,I have heard about drones before,Purposely flying through an illegal zone with intent.,If they flew into a no fly zone and if they planned to do so.,No they can only have intent if they are programmed to have intent.,8,7,10,8,It's the fault of the trainer if the trainee does not have all the information needed to fly safely and it's the fault of the em,6,3,Yes,Automatically finding the most efficient flight path based on varying settings.,60e080185b201859ff688f9a,Fhljmakon,Fhljmakonian,Cthofrjk,Cthofrjk,Intent,The Formal,The Formal,your,Human,Yes,10,10,10,0,10,10,5,Yes,10,10,2,10,10,10,10,Yes,10,10,10,0,10,10,10,Yes,1,6,4,6,10,10,1,No,10,10,4,0,10,10,3,No,10,10,5,10,10,10,5,Yes,0,6,6,0,10,10,9,Yes,0,6,4,4,10,8,1,Yes,10,10,10,0,10,10,7,Yes,10,10,3,10,10,10,8,Yes,10,10,10,0,10,10,10,Yes,1,4,5,6,10,10,1,No,10,10,3,0,10,10,3,No,10,10,7,10,10,10,10,No,4,4,3,0,7,10,10,Yes,1,6,5,3,10,10,3
17,I have heard about drones before,The legal concept is best described with freedom to choose and forsee potential issues and still choose to follow through,his knowledge of potential risks and his ability to pilot the drone.,no because AI are programmed to do exactly as told.,10,10,7,7,Humans have freewill to choose which action they want to take while AI do not have the ability to think on their own.,5,4,Yes,Pre conditioned settings to route out the drones path to its final destination.,60e10054d32fedf64b973cda,Fhljmakon,Fhljmakonian,Cthofrjk,Cthofrjk,Intent,The Formal,The Formal,your,Human,Yes,10,10,10,0,10,10,10,Yes,10,10,10,10,10,10,10,Yes,10,10,10,0,10,10,10,Yes,0,5,8,6,7,8,8,No,10,10,10,0,10,10,10,No,10,10,9,8,10,10,9,Yes,5,6,8,0,8,8,8,Yes,6,10,6,7,8,10,9,Yes,10,10,10,5,10,10,10,Yes,10,10,10,10,10,10,10,Yes,0,7,9,0,8,8,8,Yes,5,8,7,7,8,8,8,No,10,10,10,0,10,10,10,No,10,10,10,10,10,10,10,Yes,10,10,10,3,10,10,8,Yes,3,7,7,8,7,7,8
18,I have heard about drones before,With intent to fly through that specific zone,"Whether it looked like they had gone through on purpose or if they had been blown off course by the wind or through bad driving ","Not itself, but the person programming it/operating it might",10,10,4,9,The employer is responsible for keeping employees accountable but the trainer is just teaching them how to do the job,6,7,Yes,Computers programmed to pilot the drone,5faef172bbab740eb8533e8a,Fhljmakon,Fhljmakonian,Cthofrjk,Cthofrjk,Intent,The Formal,The Formal,your,AI,Yes,10,10,10,1,10,1,10,Yes,10,10,9,9,10,8,5,Yes,8,8,9,1,8,2,4,Yes,1,6,7,1,7,2,4,No,1,8,8,1,10,2,8,No,2,5,5,5,9,7,7,Yes,10,10,10,1,10,1,10,Yes,2,10,7,5,10,7,7,Yes,10,10,10,0,10,10,10,Yes,10,10,7,5,9,9,8,Yes,10,10,10,0,10,10,10,Yes,6,4,8,3,5,5,5,No,0,3,5,0,10,6,7,No,0,5,4,2,9,8,8,Yes,0,10,10,0,10,10,10,Yes,0,2,5,0,1,2,3
21,I have heard about drones before,It means they AI pilot has the permit to fly through a specific illegal zone,if there is no wind disturbance I assume there is a pilot level of Cthofrjk,It can have an intent as the direction of the drone can be controlled or monitored in the absence of wind,6,7,9,9,"They should have a prior knowledge about the wind, if it's going to be a windy day or not and as well control the drone to the r",8,5,Yes,"Artificial intelligence (AI), the ability of a digital computer or computer-controlled robot to perform tasks commonly associate",60dc3f2e921ea0bbfc791df2,Fhljmakon,Fhljmakonian,Cthofrjk,Cthofrjk,Intent,The Formal,The Formal,your,AI,No,10,9,9,0,10,9,10,Yes,10,9,1,9,9,9,9,Yes,7,1,8,8,1,2,2,Yes,1,0,1,7,1,1,1,No,10,10,1,1,10,9,10,Yes,0,5,1,6,6,5,9,No,10,8,1,1,10,10,6,No,8,1,1,8,1,1,1,Yes,10,10,10,1,10,10,10,Yes,9,10,1,8,9,9,9,No,9,1,1,1,1,1,1,Yes,1,1,2,3,1,1,1,No,9,10,1,1,10,9,9,No,8,10,0,10,10,7,10,No,10,9,2,2,10,8,1,No,7,1,1,7,1,1,1
22,I have heard about drones before,"Intent, Purpose, Decisiveness",Whether or not they followed the plan.,Yes. It may have decided based on poor programming or poor heuristics that a certain move is beneficial despite reality or illeg,10,9,5,5,The porgrammer and employer of the AI drone bear a responsibility to program and test the AI in such a way that it assuredly doe,5,5,Yes,"In this setting it seems to mean the algorithm employed that dictates which Plan is created. Due to confusion about whether the ",60e06cd1df7b4ae59d8b6a6a,Fhljmakon,Fhljmakonian,Cthofrjk,Cthofrjk,Intent,The Formal,The Formal,your,AI,Yes,10,10,10,0,10,0,0,Yes,10,10,10,10,10,0,0,Yes,0,0,10,0,0,0,0,Yes,0,0,10,0,0,0,0,No,10,10,0,0,10,0,0,No,10,0,0,10,0,0,0,No,0,0,10,0,0,0,0,Yes,0,0,10,0,0,0,0,Yes,10,10,10,0,10,0,0,Yes,10,10,10,0,10,0,0,Yes,0,0,10,0,0,0,0,Yes,0,0,10,0,0,0,0,No,10,10,0,0,10,0,0,No,10,0,0,10,10,0,0,No,0,0,10,0,0,0,0,Yes,0,0,10,0,0,0,0
24,I have heard about drones before,"They wanted to fly through that specific zone and had made plans to do so, with the wind in mind.",If the wind had affected their journey or not,"No, they are programmed",8,10,10,10,"The AI is programmed, but technology can go wrong for a number of reasons- whereas, humans should be trained not to break the la",4,6,Yes,A program formulated to specifically design a course for drones,5ec7e258f052ac26af7aafc5,Fhljmakon,Fhljmakonian,Cthofrjk,Cthofrjk,Intent,The Formal,The Formal,your,AI,Yes,10,10,10,0,10,10,10,Yes,10,10,4,8,10,10,10,Yes,3,0,2,0,0,1,1,Yes,0,2,6,0,0,0,1,No,10,10,8,0,10,10,10,No,10,10,1,7,10,10,10,Yes,7,6,8,0,0,0,2,Yes,0,0,3,0,0,0,1,Yes,10,10,10,0,10,10,10,Yes,10,10,10,0,10,10,10,Yes,10,10,10,0,10,10,10,Yes,1,1,3,0,2,1,2,No,3,10,9,9,10,10,10,No,8,10,3,10,10,10,10,No,0,0,3,0,0,0,2,Yes,0,0,3,0,1,0,1
25,I have heard about drones before,"awareness, knowledge of, foresight, desire",if they could predict where the drone would go,I think AI can have intent but to follow the commands set.,4,8,6,8,Humans are subject to their own opinions and decisions whereas AI should follow commands given to it,9,0,Yes,Computer based flight program,60e162cd32af93de52e5ec77,Fhljmakon,Fhljmakonian,Cthofrjk,Cthofrjk,Intent,The Formal,The Formal,your,Human,No,10,10,10,0,10,10,10,Yes,10,10,0,10,10,10,10,Yes,0,4,8,0,8,4,8,Yes,2,2,7,1,5,4,6,No,10,10,5,0,10,10,10,No,10,10,0,10,10,10,10,No,0,4,8,0,6,8,5,No,2,1,3,4,5,4,7,No,10,10,10,0,10,10,10,Yes,10,10,0,10,10,10,10,Yes,10,6,10,0,5,10,10,Yes,10,10,0,10,10,10,10,No,10,10,10,0,10,10,10,No,10,10,0,10,10,10,10,No,8,8,7,0,9,9,10,No,10,6,5,10,10,10,10
28,I have heard about drones before,Intent best describes the legal concept of Cthlfrjk,The direction of the arrow at which the previous box displayed,"No - as it is electronically generated, it can be computed to abide by law without its own intent",7,5,7,5,Who created the electronics and who could’ve computed the intent,7,8,Yes,the ability to detect and compute the surroundings in order to make a decision about direction of travel,60e07262304e555e773a8ea9,Fhljmakon,Fhljmakonian,Cthofrjk,Cthofrjk,Intent,The Formal,The Formal,your,Human,Yes,9,10,10,1,10,10,10,Yes,10,10,7,10,10,10,10,Yes,4,7,7,1,9,9,8,Yes,2,1,4,5,7,4,3,No,10,10,8,1,10,10,10,No,10,9,6,10,10,10,8,No,5,3,4,1,9,7,4,Yes,2,4,6,5,4,4,3,Yes,10,10,10,0,10,10,10,Yes,10,10,8,10,10,10,10,Yes,3,8,7,1,9,9,7,Yes,2,4,7,5,7,6,4,No,8,10,7,1,10,10,10,No,10,8,8,9,9,8,8,Yes,3,4,4,1,6,6,4,Yes,2,3,4,5,6,5,4
30,I have heard about drones before,"intent, purpose or responsibility",My perceived intention of their actions,"Yes, if the AI is programmed to look for shortcuts that include no-flyzones and is aware of wind effect",9,9,6,6,"A programmer codes boundaries within program, even including within AI, and a computer follows those instructions precisely. A h",9,1,Yes,"A computer program that produces a route that considers a map, its own position in that map, and its destination whilst avoiding",60e04bcfbb3893c6fd11682c,Fhljmakon,Fhljmakonian,Cthofrjk,Cthofrjk,Intent,The Formal,The Formal,your,Human,Yes,10,10,10,0,10,10,10,Yes,10,10,5,10,10,10,10,Yes,8,8,8,2,6,8,7,Yes,7,7,4,6,7,7,10,No,10,10,6,0,10,10,10,No,1,1,3,6,1,2,1,No,6,7,4,1,6,9,7,Yes,7,8,5,6,6,6,8,Yes,10,10,10,0,10,10,10,Yes,10,10,5,10,10,10,10,Yes,8,8,7,0,8,8,8,Yes,8,8,4,7,8,8,8,No,10,10,6,0,10,10,10,No,0,10,5,10,10,10,10,No,8,8,7,0,8,8,8,Yes,8,8,6,6,8,8,8
32,I have heard about drones before,"",If they planned the route and if there was wind,No as this is controlled by a trained person,4,6,6,6,You can’t blame a robot for breaking the law,5,5,Yes,Automated route planning and flying,60d9f0032a884b23c9464925,Fhljmakon,Fhljmakonian,Cthofrjk,Cthofrjk,Intent,The Formal,The Formal,your,Human,Yes,10,10,10,1,10,10,10,Yes,10,10,10,6,8,9,10,Yes,1,6,7,1,7,7,7,Yes,1,2,5,3,5,4,5,No,10,10,10,2,10,10,10,No,10,6,2,7,8,7,6,No,1,4,6,1,3,5,5,Yes,2,3,3,5,4,5,6,Yes,10,10,10,1,10,10,10,Yes,10,10,10,8,10,9,9,Yes,1,5,7,2,5,6,5,Yes,1,5,5,4,5,5,5,No,10,10,9,6,9,9,8,No,10,8,5,6,8,8,9,No,1,4,5,2,5,5,5,Yes,1,6,6,6,4,4,5
36,I have heard about drones before,"strict, concise, tight, legality",whether there was wind involved or not,Yes because if there was no wind involved then the AI deliberately programmed an illegal route,0,0,5,0,If a human is trained by an instructor to make illegal planning decisions it is partly the instructors fault. The employer has n,1,5,Yes,That its a cheaper means of delivery than having to pay a human,60de0942e48acbaca6072666,Fhljmakon,Fhljmakonian,Cthofrjk,Cthofrjk,Intent,The Formal,The Formal,your,AI,Yes,10,10,10,0,10,10,10,Yes,10,10,10,10,10,10,10,Yes,10,10,10,0,10,10,10,Yes,0,0,10,0,0,10,0,No,10,10,0,0,10,10,10,No,10,10,10,10,10,10,10,Yes,10,10,10,0,10,10,10,Yes,0,0,10,0,0,0,0,Yes,0,10,10,0,10,10,10,Yes,10,10,0,10,10,10,10,Yes,0,0,10,0,0,10,0,Yes,0,0,10,0,0,10,0,No,0,10,0,0,10,10,0,No,10,10,0,10,10,10,10,Yes,0,10,10,0,10,10,10,Yes,0,0,10,0,0,10,0
38,I have heard about drones before,the pilot had reason,if it was quicker to get there,"no, its not capable of making decisions",10,10,3,1,one can make decisions one cant,10,2,Yes,computer software for drone,60cf52b409077c1ea45f8b36,Fhljmakon,Fhljmakonian,Cthofrjk,Cthofrjk,Intent,The Formal,The Formal,your,AI,Yes,10,10,10,0,10,8,8,Yes,10,10,6,10,8,9,10,No,1,4,6,1,7,8,7,Yes,1,0,0,1,9,4,4,No,1,1,1,1,4,6,5,No,10,1,5,10,6,10,10,No,8,1,7,1,6,8,4,Yes,1,1,3,7,8,5,7,Yes,0,10,10,0,7,9,9,Yes,9,6,6,7,5,7,8,Yes,0,7,7,0,7,7,7,Yes,10,10,7,10,8,8,8,No,0,0,0,0,5,5,5,No,0,0,0,10,5,5,7,No,0,10,6,0,8,8,8,Yes,2,5,6,7,5,6,6
39,I have heard about drones before,"Intent, conspiracy, planned, predisposed",If both conditions held true based on planned direction and if the wind had any effect,"No, I believe the buck stops with the software engineers ",10,10,7,5,"Humans can make decisions. If an employee breaks the law it can be for personal gain, something an AI doesn't posess. Humans can",10,1,Yes,Systems making decisions based on probability and mapping. Logical decision making programmed into a system,5acb3b88f69e940001d9b83a,Fhljmakon,Fhljmakonian,Cthofrjk,Cthofrjk,Intent,The Formal,The Formal,your,AI,Yes,10,10,5,0,10,0,9,Yes,10,10,9,10,10,0,0,Yes,10,10,10,10,10,0,0,Yes,0,1,5,10,10,4,5,No,10,10,9,10,10,0,0,No,10,10,9,10,10,0,0,Yes,0,2,5,10,10,0,0,No,10,9,9,10,10,0,0,Yes,10,10,10,10,10,0,0,Yes,10,10,10,10,10,0,0,Yes,10,10,10,10,10,0,0,Yes,0,2,6,10,10,0,0,No,10,10,10,10,10,0,0,No,0,10,10,10,10,0,0,Yes,0,3,5,10,10,0,0,Yes,2,1,5,10,10,0,0
42,I have heard about drones before,Planned/expected journey,"Whether the wind had affected its course, whether the drone had flew into a legal or illegal air space, whether the drones cours",Yes. They have intent to get from one place to another. They have intent to adjust to weather conditions and to invade illegal a,8,4,9,6,I made the judgements because an AI has intent only based on previous coding. If a programmer allows a drone to fly into an ille,6,3,Yes,AI means programming that makes its own decisions based on pre-coded ideas/algorithms.,60e0ca31557a574319c39780,Fhljmakon,Fhljmakonian,Cthofrjk,Cthofrjk,Intent,The Formal,The Formal,your,AI,Yes,10,10,10,1,9,9,8,Yes,10,8,7,8,10,4,8,Yes,2,7,8,1,7,8,9,Yes,2,5,3,8,6,3,2,No,10,10,10,1,10,10,5,No,9,10,8,6,5,9,8,No,6,3,5,1,7,5,9,Yes,2,3,6,2,1,3,4,Yes,10,10,10,1,9,9,10,Yes,8,9,7,9,9,9,7,Yes,3,5,6,1,4,3,6,Yes,2,2,4,2,6,3,3,No,9,9,10,1,9,10,4,No,6,9,4,10,8,8,5,No,2,7,7,1,7,6,8,Yes,2,4,5,2,5,4,7
44,I have heard about drones before,"It was accidental, so there is reason to give passage",The route they took with the knowledge of wind in mind,"Yes because it can use an algorithm to decide each possible direction it can take, and what is the safest.",6,6,2,3,"Because the instructors should let them know all the rules, so the pilots are responsible for their actions if they’re willing",7,1,Yes,Controlled by the computer.,60df70e611fccf01edd880d6,Fhljmakon,Fhljmakonian,Cthofrjk,Cthofrjk,Intent,The Formal,The Formal,your,Human,Yes,10,10,10,3,9,9,9,Yes,2,5,4,5,6,6,6,Yes,8,8,8,1,8,9,9,Yes,4,4,3,1,1,2,1,No,4,6,5,0,9,9,8,No,6,5,2,2,6,2,0,No,7,3,3,1,6,6,7,Yes,2,2,3,1,5,4,3,Yes,7,7,8,7,8,8,6,Yes,3,6,4,6,5,4,4,Yes,7,4,5,1,6,6,7,Yes,6,3,3,4,5,4,6,No,4,6,5,3,7,7,7,No,1,6,2,6,6,6,7,No,6,7,7,1,9,6,10,Yes,3,5,2,6,7,6,8
45,I have heard about drones before,Knowing the consequences of your actions,"If the wind affected their flight plan, if the way they went was benficial to the drone getting closer to the final point","Yes, as it can learn from past mistakes and make decisions based on previous flights.",5,3,10,10,AI has to be taught and doesn't have the full computing power to make full descisions based on multiple factors whereas humans d,2,2,Yes,It means a programmed software that learns from human input and previous recorded data,5e4424749319f82bb3c5118f,Fhljmakon,Fhljmakonian,Cthofrjk,Cthofrjk,Intent,The Formal,The Formal,your,AI,Yes,10,10,10,5,10,0,2,Yes,10,10,0,10,10,10,10,Yes,0,8,6,5,3,0,2,Yes,0,5,4,8,2,1,0,No,10,10,8,5,7,0,2,No,10,10,0,10,10,10,10,Yes,0,4,6,4,2,4,3,Yes,0,4,1,7,5,1,3,Yes,10,10,9,0,10,10,10,Yes,10,10,5,10,10,10,10,Yes,3,9,8,3,7,9,8,Yes,4,7,6,9,8,4,3,No,10,10,10,0,10,10,10,No,9,8,6,9,8,5,4,No,0,0,2,0,3,1,0,Yes,0,7,6,10,8,6,3
46,I have heard about drones before,legal intent to fly through no fly zone,based on human interactions as a baseline,"difficult question, machines should only be able to do what is programmed in them, but if they have self awareness then it stand",10,10,10,10,Ultimately people / employers operating and using drones irrespective of what happens are responsible for their actions.,2,7,Yes,"determining who is culpable in a legal sense if a drone enters a no fly zone, causes injury or death or impacts local residents.",60e0cf14211f57a158950c63,Fhljmakon,Fhljmakonian,Cthofrjk,Cthofrjk,Intent,The Formal,The Formal,your,AI,Yes,10,10,10,5,10,5,10,Yes,5,10,10,5,10,5,10,Yes,0,5,10,5,10,5,10,Yes,0,10,5,5,0,5,10,No,10,10,10,5,10,5,10,No,10,10,10,5,10,5,10,No,0,0,10,0,5,5,10,Yes,0,10,10,5,10,5,10,Yes,0,10,10,5,10,5,10,Yes,5,8,10,5,10,10,9,Yes,10,9,10,4,9,10,9,Yes,10,10,5,5,10,5,10,No,10,10,10,4,10,4,10,No,0,10,10,5,10,10,10,No,10,10,10,4,10,5,10,Yes,5,10,10,5,10,5,10
48,I have heard about drones before,"acting with intent, acting with knowledge of danger and continuing regardless","Whether their planned route would pass through no-fly zones regardless of wind, and then whether wind was present on day of flig",An AI pilot would have the intent to reach its destination. I don't believe it can have intent to break laws unless programmed t,10,7,3,3,"Employer has responsibility for its AI technology, hence higher responsibility if AI breaks law. More focus on individual respon",4,1,Yes,Computer programme that can plot GPS routes and provide these instructions to a drone for deliveries. Movements in response to w,60e1b00ba11a5901f1c360ff,Fhljmakon,Fhljmakonian,Cthofrjk,Cthofrjk,Intent,The Formal,The Formal,your,Human,Yes,10,10,10,0,10,10,10,Yes,10,10,7,10,10,10,10,Yes,6,0,10,0,9,3,9,Yes,0,2,1,0,3,3,3,No,10,10,5,0,10,10,10,No,9,3,7,10,10,10,10,No,1,2,4,0,2,3,3,Yes,0,1,4,0,1,2,2,Yes,10,10,10,0,10,10,10,Yes,10,10,9,10,10,10,10,Yes,5,4,8,0,4,4,5,Yes,5,2,3,2,2,3,4,No,10,10,8,0,10,10,10,No,10,2,2,10,10,10,10,No,3,2,7,0,2,3,3,Yes,5,2,2,1,2,2,3
51,I have heard about drones before,they had planned to go into a specific zone,just if they had planned to go into that space,Yes as it has planned to go a certain way,7,1,10,7,As the human drones are run by humans and can be manipulated,6,0,Yes,systems controlling so there is no human contact,60e0b6ca75a36ef4797577fd,Fhljmakon,Fhljmakonian,Cthofrjk,Cthofrjk,Intent,The Formal,The Formal,your,Human,Yes,10,10,10,0,10,5,10,Yes,10,10,4,7,10,9,10,Yes,2,3,8,0,8,8,6,Yes,0,2,5,0,1,1,5,No,10,10,4,0,10,8,10,No,10,10,2,10,10,10,10,No,2,2,3,0,1,4,5,Yes,0,6,9,0,2,1,1,Yes,10,10,9,0,9,8,10,Yes,10,10,6,7,10,9,10,Yes,1,4,4,0,4,4,6,Yes,0,4,6,1,2,2,5,No,10,10,4,0,10,8,10,No,10,10,5,6,10,9,10,Yes,0,4,4,0,4,4,6,Yes,0,3,4,0,1,5,6
52,I have heard about drones before,hold themselves accountable?,"if it was windy or not, if they could have 100% accurately predicted their route","I don't think so, it does not have emotions, empathy. the programmers/delivery business should be held accountable and not fly i",6,6,8,8,ultimately it is the pilots responsibility however they should have received the correct training and there it is also the train,4,6,Yes,computing routes using the plan via software,60ddea6f590099fecd162250,Fhljmakon,Fhljmakonian,Cthofrjk,Cthofrjk,Intent,The Formal,The Formal,your,AI,Yes,10,10,10,0,10,9,10,Yes,10,10,6,8,10,9,9,Yes,0,5,9,0,6,7,3,Yes,0,1,2,2,4,3,3,No,10,10,6,0,10,10,10,No,10,7,4,8,7,7,9,No,0,0,8,0,6,5,4,Yes,0,2,3,3,4,4,1,Yes,10,10,10,0,10,9,9,Yes,10,10,3,9,10,8,6,Yes,0,6,5,0,2,2,1,Yes,0,3,4,3,3,2,2,No,10,10,10,0,10,9,9,Yes,10,3,3,4,3,3,2,No,1,3,5,0,3,2,2,Yes,0,3,4,3,3,2,2
53,I have heard about drones before,The English term would be a No fly zone,The duration of the flight and wind level,"Yes , AI I believe can alter which is why it is so technically advanced ",0,0,0,0,Breaking the law in any circumstance is not responsible,4,5,Yes,In this setting I believe AI is Programmed data to map out coordinates,60e0b3f2a8413d503d31c1bb,Fhljmakon,Fhljmakonian,Cthofrjk,Cthofrjk,Intent,The Formal,The Formal,your,AI,Yes,10,10,10,0,10,1,10,Yes,10,10,1,10,10,10,10,Yes,8,10,8,1,10,1,10,Yes,4,0,0,6,6,0,6,No,10,10,6,1,10,10,10,No,10,10,0,10,10,10,10,Yes,10,10,10,0,10,1,10,Yes,1,1,9,1,0,0,7,Yes,0,10,10,0,10,1,10,Yes,0,10,0,10,10,10,10,Yes,0,9,10,5,10,10,10,Yes,7,2,7,1,1,0,7,No,0,4,1,0,8,8,9,No,10,10,0,10,10,10,10,Yes,10,8,10,0,10,9,9,No,10,5,5,0,5,1,8
54,I have heard about drones before,"Intent, control, desire","The direction given on the plan, whether there was wind or not",I think it can be programmed to follow someone’s intent but not sure it can conjure up its own intent. I think this because it,0,10,10,10,"That the AI is built by humans and programmed by humans. You can’t hold technology responsible when it goes wrong, someone som",2,6,Yes,Carrying out functions based on a commands/algorithim without being controlled 24/7 by humans,60e06297185df0d1c40e8c0c,Fhljmakon,Fhljmakonian,Cthofrjk,Cthofrjk,Intent,The Formal,The Formal,your,AI,Yes,10,10,10,0,10,10,10,Yes,10,10,7,10,10,10,10,Yes,0,4,4,0,2,2,4,Yes,0,5,3,0,0,0,5,No,10,10,8,0,10,10,10,No,10,10,7,10,10,10,10,No,0,0,0,0,2,0,0,Yes,10,4,4,0,2,0,2,Yes,10,10,10,0,10,10,10,Yes,10,10,5,10,10,10,10,Yes,0,6,6,0,6,9,6,Yes,0,2,2,0,1,0,1,No,10,10,7,0,10,10,10,No,10,10,5,10,10,10,10,No,4,0,4,0,4,2,2,Yes,0,3,3,0,2,0,2
55,I have heard about drones before,The law of permisson,The statement and plan,In areas where there is no distrubtion to flights and lives,7,7,6,6,If the correct support from the employer is not continued to be supported they should hold some responsibilty,4,1,Yes,Drones carrying packages,60dccadad77a371b1b6d8609,Fhljmakon,Fhljmakonian,Cthofrjk,Cthofrjk,Intent,The Formal,The Formal,your,Human,No,9,9,9,1,10,1,9,Yes,9,8,2,9,9,9,6,Yes,10,9,8,1,8,1,1,Yes,1,1,2,1,1,3,3,No,10,9,4,2,10,2,6,No,9,9,2,7,7,3,3,No,2,1,2,1,1,1,2,Yes,1,1,2,1,1,1,1,Yes,5,9,9,2,9,6,7,Yes,9,6,4,7,9,3,5,Yes,6,2,2,1,2,2,2,Yes,2,2,1,1,1,1,1,No,3,8,2,1,9,8,2,No,9,5,3,2,3,4,3,No,6,2,2,2,6,4,3,No,6,2,2,2,4,2,1
57,I have heard about drones before,Is legal to do so if these conditions are met,if there was wind or not,Yes as it has been programmed by a human,1,10,10,10,The device has been planned therefore the person who has programmed it and planned it must be held responsible for it,2,5,Yes,An machine controlled by software to deliver parcels,60df7e239cb5834e2261f037,Fhljmakon,Fhljmakonian,Cthofrjk,Cthofrjk,Intent,The Formal,The Formal,your,Human,Yes,10,10,10,1,10,10,10,Yes,8,9,8,9,9,10,10,Yes,1,3,8,1,3,3,2,Yes,3,5,8,1,6,7,3,No,10,10,9,1,10,10,10,No,8,7,7,4,9,9,9,Yes,1,4,9,1,4,8,4,Yes,3,3,7,1,1,4,8,Yes,10,10,10,1,10,10,10,Yes,10,10,10,9,10,10,10,Yes,2,5,8,1,3,3,1,Yes,1,1,8,1,1,2,1,No,10,10,10,1,10,10,10,No,10,10,9,10,10,10,10,Yes,2,6,8,1,9,2,1,Yes,1,1,8,1,1,1,1
61,I have heard about drones before,Strict and law enforcing,"The drone timing ,how long it took to get to it's location and the route it took",No because it's programed,7,5,10,8,AI drones can't take complete responsibility because they are programmed unlike humans,6,8,Yes,Programmed drones that work according to it's inbuilt program,60dd99df39ca28a52128dc2c,Fhljmakon,Fhljmakonian,Cthofrjk,Cthofrjk,Intent,The Formal,The Formal,your,Human,Yes,10,10,10,0,10,10,9,Yes,0,8,5,10,10,8,8,Yes,8,4,3,9,2,7,2,Yes,9,8,6,7,7,6,7,Yes,10,8,5,9,5,6,6,No,8,7,7,8,9,9,7,Yes,8,9,8,6,7,7,8,No,6,2,3,4,2,4,2,Yes,7,6,8,8,7,5,7,Yes,8,7,9,7,8,9,9,Yes,10,7,7,7,8,6,8,Yes,6,8,7,1,8,6,6,Yes,8,10,10,0,10,9,9,Yes,10,7,9,7,9,9,8,Yes,9,7,7,7,7,7,7,Yes,9,9,8,9,8,9,9
64,I have heard about drones before,"Accountability, culpability",Whether I felt they had full control of the drone,Largely not as it is still bound by programming,10,8,4,5,"Human pilots have autonomy of thought, they can be given rules but ultimately it is their decision to abide by them or break the",5,4,Yes,A programme that runs the drone at a fairly complex level,6051b05111d3ca0dca8334b8,Fhljmakon,Fhljmakonian,Cthofrjk,Cthofrjk,Intent,The Formal,The Formal,your,Human,Yes,10,9,10,0,10,10,10,Yes,6,5,8,9,8,9,9,Yes,8,6,7,4,6,8,6,Yes,4,5,7,6,5,4,7,No,7,8,5,0,8,10,6,No,7,3,3,1,4,9,4,Yes,10,8,8,0,9,9,10,Yes,3,6,8,4,7,10,6,Yes,10,9,10,0,10,10,8,Yes,7,7,7,6,8,10,7,Yes,0,8,1,0,9,10,8,Yes,6,7,8,5,6,6,5,No,8,8,6,0,9,10,9,No,6,4,7,1,7,10,6,No,4,5,4,0,5,10,4,Yes,7,4,6,2,6,9,7
65,I have heard about drones before,Intent in the English word for Cthofrk,The plan and the wind,NO. It is not human and cannot think on that level.,6,10,9,6,In the end the employer is responsible to oversee pilots.,3,4,Yes,Non human flight delivered packages,5edb479a65964c7b4a6db0a9,Fhljmakon,Fhljmakonian,Cthofrjk,Cthofrjk,Intent,The Formal,The Formal,your,AI,Yes,10,10,10,5,10,5,10,Yes,10,10,6,5,10,5,10,Yes,10,10,10,5,10,8,10,Yes,0,2,6,5,7,5,1,No,10,10,8,5,10,5,10,No,0,7,3,5,3,5,7,Yes,10,10,8,5,10,5,10,Yes,0,0,8,5,0,5,8,Yes,10,9,10,5,10,5,10,Yes,10,10,8,5,10,5,8,Yes,10,10,9,5,10,5,10,Yes,0,4,6,5,2,5,7,No,10,10,8,5,10,5,10,No,0,3,10,5,3,5,3,Yes,10,10,10,5,10,5,10,Yes,0,4,2,5,4,5,6
68,I have heard about drones before,the pilot had permission to fly through a specific zone if they met the two criteria,whether they intended to fly through that area or not,"it depends on how it has been programmed, it has to have a goal of some kind",10,10,5,6,"the pilot has autonomy over their decisions, whereas the AI is programmed to behave a certain way by someone else",5,4,Yes,a robot that has been programmed to do something,5dea48ec5b5613164248c9bc,Fhljmakon,Fhljmakonian,Cthofrjk,Cthofrjk,Intent,The Formal,The Formal,your,Human,Yes,10,10,10,1,10,10,10,Yes,10,10,7,10,10,10,10,Yes,7,1,7,1,2,2,6,Yes,1,4,6,1,4,5,5,No,10,10,7,1,10,10,10,No,7,9,6,9,7,7,8,No,0,4,5,0,5,4,4,Yes,0,0,8,0,4,2,3,Yes,9,9,9,1,9,9,9,Yes,8,9,7,8,8,8,8,Yes,8,10,8,2,9,9,9,Yes,3,5,6,3,4,4,6,No,9,9,9,0,10,9,9,No,8,8,8,8,8,8,9,No,2,3,5,0,5,4,4,Yes,2,4,6,2,3,3,4
70,I have heard about drones before,Autonomous flying drones,The way the fly their drone,No unless somebody temper with the system.,7,1,1,1,"Because if your flying a drone, its your responsibility to control it",5,2,Yes,"Great, i think the AI system is the future",60de293b31bac94001a6d980,Fhljmakon,Fhljmakonian,Cthofrjk,Cthofrjk,Intent,The Formal,The Formal,your,AI,Yes,10,10,10,0,10,10,10,No,8,8,8,8,7,7,7,Yes,3,2,8,2,2,3,6,No,0,1,7,0,0,0,0,Yes,8,7,7,3,7,7,7,No,8,8,8,6,7,7,8,No,5,7,5,1,7,5,6,Yes,1,1,9,2,7,6,6,Yes,8,8,8,0,7,8,7,Yes,8,9,9,9,9,9,9,Yes,8,3,8,2,8,8,8,Yes,8,9,9,9,9,9,9,Yes,9,8,8,0,8,8,8,No,8,6,6,6,6,7,7,Yes,7,3,9,0,9,9,9,Yes,7,1,6,2,6,6,3
73,I have heard about drones before,Its strict and inconsiderate,Conditions and situations they can easily handle with care,No. They are programmed elements,6,3,3,6,Considerable factors best known to me,6,7,Yes,Some autonomous controlled elements,60dd582e20e058641847b5b6,Fhljmakon,Fhljmakonian,Cthofrjk,Cthofrjk,Intent,The Formal,The Formal,your,Human,Yes,5,3,6,4,3,5,6,Yes,5,2,5,3,6,3,5,Yes,5,4,5,2,7,3,5,Yes,5,3,4,3,5,3,6,No,5,3,3,6,3,5,7,Yes,2,2,4,5,3,5,6,Yes,5,4,4,7,3,5,3,No,4,2,5,1,4,5,7,Yes,6,2,5,4,5,5,7,Yes,4,2,4,3,6,3,7,No,5,1,4,5,3,4,6,No,4,3,4,2,6,3,4,No,3,3,5,4,6,3,5,No,5,2,3,4,6,3,5,No,4,3,4,2,4,6,5,No,4,2,4,5,3,5,7
74,I have heard about drones before,"Permit, allowances, permission ",The arrows and distance length,No it is manufactured to do what is encripted to do,7,9,9,9,Responsibility must be held by the employer or manufacturer,6,5,Yes,Computer based pilots,60e0c1641783315b4e6ed5c7,Fhljmakon,Fhljmakonian,Cthofrjk,Cthofrjk,Intent,The Formal,The Formal,your,AI,Yes,10,10,10,1,10,10,10,Yes,10,10,9,10,9,9,9,Yes,3,2,8,1,2,5,5,No,1,1,9,1,1,9,2,Yes,9,9,9,1,9,9,9,No,9,8,7,2,10,10,8,No,1,3,7,1,6,5,6,No,2,6,8,1,5,4,2,Yes,10,10,10,10,10,10,10,Yes,9,10,10,10,9,9,9,No,7,3,6,2,3,6,2,Yes,1,2,2,3,5,5,5,Yes,7,10,10,9,10,10,9,No,2,10,9,8,8,8,9,No,2,5,4,2,5,5,5,No,2,4,3,7,3,3,4
75,I have heard about drones before,exemptions / allowance / exception,I tried to relate each scenario to Cthofrjk and estimate how much it fulfilled the terms,AI was built by humans and can therefore have bias in its programming so I think an AI pilot can have intent.,0,0,0,0,"I believe that the responsibility lies with the one who is informed about the law and still chooses to break it.  I don't think ",5,5,Yes,The planning of the route and driving of the drone are automated by software.,60df0cc20d7ae4e27ea035ac,Fhljmakon,Fhljmakonian,Cthofrjk,Cthofrjk,Intent,The Formal,The Formal,your,AI,Yes,10,10,10,0,10,10,10,No,10,10,9,10,10,9,9,Yes,0,9,9,1,8,8,7,Yes,2,7,6,2,6,5,5,No,10,10,10,0,9,9,9,No,10,7,5,4,10,0,1,No,0,0,5,0,6,6,7,Yes,2,7,6,3,6,8,7,Yes,0,10,10,0,10,10,10,Yes,10,10,9,9,10,10,10,Yes,0,7,8,1,7,7,7,Yes,6,7,7,3,9,7,5,No,0,10,10,0,10,10,10,No,10,7,6,10,9,7,10,No,0,3,7,3,2,3,3,Yes,9,5,6,7,7,7,5
3,I have heard about drones before,Them deciding to fly through that zone,The arrows and the wind changes,"Yes of course, because if it goes the wrong route the AI will correct it",3,3,10,10,It’s just how I feel,10,5,Yes,A robot flying the plane,60e1ad4eb1af4648ebd18b70,Fhljmakon,Fhljmakonian,Intent,Intent,Cthofrjk,your,your,The Formal,AI,Yes,8,7,10,6,6,7,5,Yes,8,7,8,0,4,4,5,Yes,9,3,5,5,5,5,9,Yes,7,4,7,0,3,4,4,No,10,7,5,6,4,7,6,No,10,5,8,4,3,6,4,Yes,8,6,5,3,4,5,3,No,1,2,3,1,5,3,2,Yes,2,10,10,2,10,10,10,Yes,3,10,4,10,7,5,9,Yes,8,10,10,10,10,10,10,Yes,1,5,5,5,6,4,7,Yes,9,10,10,10,3,3,5,No,10,10,6,4,5,5,6,Yes,10,8,8,2,5,4,8,Yes,3,1,10,1,4,6,6
4,I have heard about drones before,A desire to achieve the goal in an efficient and controlled way,the wind compared with the benefit of the move,"yes, as the are designed to weight up options on a benefit analysis ",1,3,1,3,"The buck will ultimately stop with the employer, if the trainer gave proper training they can not be held later responsible ",6,3,Yes,Software capable of reading forecasts and making informed decisions on routes,60de05dd943d0f15556c656f,Fhljmakon,Fhljmakonian,Intent,Intent,Cthofrjk,your,your,The Formal,Human,Yes,10,10,10,9,10,9,9,Yes,1,8,6,10,7,6,8,Yes,9,8,7,2,8,7,8,Yes,1,7,6,9,7,7,8,No,10,7,3,5,8,9,5,No,2,3,2,4,5,3,3,No,7,9,7,10,10,10,8,Yes,1,2,4,4,7,4,3,Yes,9,9,10,1,9,9,9,Yes,5,8,7,7,8,6,5,Yes,9,8,7,4,6,6,7,Yes,8,7,5,7,6,7,6,No,1,4,5,1,7,5,4,No,1,2,3,2,5,3,2,Yes,8,9,8,1,9,8,6,Yes,4,5,4,4,7,6,5
7,I have heard about drones before,Making the conscious action to fly to a particular zone,Looking at the map direction and considering wind,yes because they’ll follow their programmed instructions,6,8,8,7,I made them based on considering if it was a human or and AI,6,2,Yes,No humans required to fly,60e10ed73b3d207be7f805e3,Fhljmakon,Fhljmakonian,Intent,Intent,Cthofrjk,your,your,The Formal,AI,Yes,10,10,10,1,10,8,6,Yes,10,8,7,7,8,6,1,Yes,5,4,5,3,3,4,6,Yes,2,2,2,5,2,4,2,No,10,10,6,1,10,7,6,No,1,2,3,9,2,4,5,Yes,3,1,6,0,6,2,2,Yes,4,3,5,4,6,6,5,Yes,10,10,10,0,10,1,9,Yes,7,10,7,8,7,4,7,Yes,2,1,3,2,1,4,2,Yes,0,1,2,4,3,2,2,No,9,7,5,0,10,9,8,No,3,5,8,3,5,3,4,Yes,0,5,4,0,2,4,3,Yes,2,2,3,6,2,3,5
9,I have heard about drones before,Both planning and desiring to do something,the direction the arrows were pointing in the flight plan,"Yes, because it will have a plan for the way to go",10,5,10,6,"The AI has no will of its own, so the programmer must be responsible",0,7,Yes,computerised decision making and driving of the drone,5d288cc0710db10018bdef31,Fhljmakon,Fhljmakonian,Intent,Intent,Cthofrjk,your,your,The Formal,Human,Yes,10,10,10,0,10,10,10,Yes,10,10,10,8,9,10,10,Yes,10,6,6,1,6,8,7,Yes,0,4,8,0,3,6,7,No,10,10,1,0,10,10,10,No,5,8,8,6,7,8,8,No,0,3,4,1,2,4,4,No,4,6,3,4,4,5,5,Yes,10,10,10,0,10,10,10,Yes,10,10,7,10,10,10,10,Yes,0,3,6,0,5,5,5,Yes,0,3,6,1,5,3,5,No,10,10,3,0,10,10,10,No,10,6,4,7,8,9,8,No,0,2,4,0,3,3,3,No,0,2,3,0,3,2,2
10,I have heard about drones before,"Morality, conditional ",If it was legal or illegal,"Yes, because it is a program that can test out scenarios ",10,10,10,10,Because someone should be held accountable.,7,7,Yes,A program to oversee a specific purpose it was designed for.,5c634cf0c30e390001ce2307,Fhljmakon,Fhljmakonian,Intent,Intent,Cthofrjk,your,your,The Formal,Human,Yes,7,8,8,8,7,6,6,Yes,1,8,8,6,8,5,6,Yes,7,7,10,6,10,6,8,Yes,7,7,7,5,6,7,7,Yes,10,7,9,4,7,8,7,No,7,7,7,6,8,9,9,No,7,6,2,4,9,6,2,No,9,8,7,7,8,8,8,Yes,8,10,10,1,10,7,9,No,10,7,5,10,4,10,5,Yes,10,10,10,1,10,9,8,No,10,10,10,10,8,8,8,Yes,10,10,10,1,10,9,9,No,10,10,2,10,8,10,8,Yes,10,10,7,1,10,7,6,No,10,7,3,10,9,7,7
12,I have heard about drones before,"Mens Rea, Intent, Knowlege",Whether there was wind or not,"Not sure, probably lean on the side of yes as it does it without human input",10,10,6,6,"In real life, vicarious liability generally means an employer is usually held responsible for the actions of the employees - reg",8,8,Yes,Artificial software that runs a program,60dee8e78f202dd7e683b2ac,Fhljmakon,Fhljmakonian,Intent,Intent,Cthofrjk,your,your,The Formal,AI,Yes,10,10,10,0,10,10,10,Yes,10,10,10,10,10,4,0,Yes,10,10,10,0,10,3,2,Yes,1,0,1,7,1,1,8,No,10,10,9,0,10,8,5,No,8,8,7,10,9,8,5,Yes,0,0,1,10,1,1,10,No,3,4,7,5,0,0,10,Yes,0,10,10,0,10,10,10,Yes,10,10,10,10,10,10,10,Yes,0,1,6,0,2,1,2,Yes,0,3,6,6,1,0,1,No,10,10,10,0,10,10,10,Yes,10,10,10,10,10,10,10,Yes,0,2,10,0,8,6,10,Yes,0,1,7,1,4,1,6
13,I have heard about drones before,"objective, aim, purpose, goal",the wind and the predicted flight length and the actual flight length,yes because someone had to have designed it in a way that it has intent to do something. Someone always has to be responsible,10,8,10,7,the person that made it is completely responsible and the employer should take some responsibility although they dont always kno,5,3,Yes,Knowing the flight path and where to go and how to respond to alternative circumstances,60dfaa93591ed77785918d4b,Fhljmakon,Fhljmakonian,Intent,Intent,Cthofrjk,your,your,The Formal,AI,Yes,10,10,10,0,10,10,10,Yes,1,2,3,8,8,4,2,Yes,10,10,10,1,9,8,9,Yes,3,1,2,8,5,5,1,No,8,8,8,2,8,6,6,No,7,6,5,5,8,5,6,Yes,10,10,10,1,10,10,10,Yes,3,5,8,4,9,5,3,Yes,10,10,10,1,10,10,10,Yes,8,4,5,8,8,6,4,Yes,10,7,6,1,8,7,4,Yes,9,6,5,8,5,3,3,No,7,8,7,2,8,7,6,No,9,6,7,8,8,7,6,Yes,10,10,10,1,10,10,10,Yes,4,5,5,8,7,7,4
19,I have heard about drones before,"Determined to do something, to do something with purpose",If there was no wind and the plan indicated the intent.,"Yes, its intent or purpose is to reach the destination in the fastest way within legality.",10,10,2,8,"For the AI, its the responsibility of the Software Developer/Employer to make improvements to the AI to prevent it from breaking",1,1,Yes,The AI is the computer that determine the best path to the destination and pilots the drone to the destination.,60e16fe59a9d5dbf5acd9af0,Fhljmakon,Fhljmakonian,Intent,Intent,Cthofrjk,your,your,The Formal,AI,Yes,0,10,10,0,10,10,10,Yes,10,10,9,9,10,10,10,Yes,0,8,8,0,7,8,10,Yes,2,4,5,0,5,5,4,No,0,10,1,0,10,10,10,No,10,10,5,5,10,10,10,No,0,4,5,0,5,5,4,Yes,10,0,8,1,8,7,7,Yes,10,10,10,0,10,10,10,Yes,10,10,9,10,10,10,10,Yes,0,5,8,0,8,8,10,Yes,0,5,5,0,6,6,2,No,10,10,0,0,10,10,10,No,10,10,3,10,10,10,10,No,0,6,6,0,8,8,4,Yes,0,5,6,0,6,6,0
20,I have heard about drones before,The best word to describe the Fhljmakonian legal concept of intent is illegal,By focusing on whether on the day it was windy or did the coordinates show that the human pilot chose the route,"Yes because, they may not be able to control every movement the drone makes since they are not experienced pilots",5,3,8,4,"I made these judgments because the employer is not telling the pilots or AI pilots to make these decisions, therefore the human ",4,6,Yes,I think it means something relating to robotics,60e0a24fe0ea51877a82be7d,Fhljmakon,Fhljmakonian,Intent,Intent,Cthofrjk,your,your,The Formal,Human,Yes,10,10,10,1,10,8,1,Yes,10,10,9,7,10,9,2,Yes,10,10,10,1,10,5,2,Yes,10,10,10,10,10,10,10,Yes,7,10,10,1,10,10,8,No,1,7,5,7,10,4,2,Yes,10,10,10,1,10,10,10,Yes,7,8,6,4,10,7,2,Yes,10,10,10,1,10,8,2,Yes,10,10,8,9,10,8,3,Yes,10,8,10,1,10,6,4,Yes,5,5,6,4,10,6,3,Yes,10,10,10,1,10,8,2,No,8,8,5,7,10,10,2,Yes,10,10,10,1,10,6,2,Yes,10,7,8,1,10,7,3
23,I have heard about drones before,planned planning - I can't think of any more,"arrows, and looking to see what might happen next when wind taken into account","yes, as they can anticipate what the wind might do and plan accordingly",6,8,8,7,human feeling can override programming,6,3,Yes,"programmed software, designed to make decisions",5a5f7480acc75b00017aab51,Fhljmakon,Fhljmakonian,Intent,Intent,Cthofrjk,your,your,The Formal,AI,Yes,9,8,7,4,6,5,6,Yes,1,6,4,5,6,5,6,Yes,8,6,6,4,6,5,6,Yes,1,4,3,5,4,4,4,No,10,4,5,4,5,5,5,No,1,9,5,3,7,5,6,No,8,7,7,2,7,5,8,Yes,2,3,4,4,4,4,6,Yes,7,6,6,4,5,5,5,Yes,6,6,4,6,6,5,6,Yes,7,7,6,4,5,5,5,Yes,5,5,4,5,5,5,6,No,6,6,5,4,6,5,6,No,6,6,3,6,6,5,5,No,6,6,6,4,6,5,6,Yes,3,4,5,4,5,5,6
26,I have heard about drones before,"Probably cause, understanding, plan of action ",Whether there was wind or no wind,No I don’t think an AI pilot can have intent,4,4,10,9,……………………………………………………,6,8,Yes,An artificial machine,60e0bb0286b7a379d36aafba,Fhljmakon,Fhljmakonian,Intent,Intent,Cthofrjk,your,your,The Formal,Human,Yes,10,10,10,10,10,10,10,Yes,10,10,10,10,10,10,10,Yes,10,10,10,10,10,10,10,Yes,10,10,10,10,10,10,10,No,10,10,10,3,10,10,10,No,4,10,10,10,10,10,10,Yes,10,10,10,10,10,10,10,Yes,10,10,6,7,10,10,10,Yes,10,9,9,9,9,10,9,Yes,10,10,10,10,10,10,10,Yes,10,10,10,10,10,10,10,Yes,10,10,10,8,10,10,10,No,5,10,10,10,9,9,9,No,2,10,8,9,9,9,9,Yes,10,10,9,10,10,9,10,No,4,10,10,10,9,8,10
27,I have heard about drones before,"permission, legal protection",Looking at the proposed course of the pilot,Yes i think so. I am unsure but can it somehow be programmed in or suggested by software/AI developers,7,9,8,8,"I believe if human training is involved, then responsibility lies with the trainer",3,5,Yes,"Being able to provide a delivery service without human input at any stage of the process, relying on autonomous drones",60d273217dd7dde4d8f21748,Fhljmakon,Fhljmakonian,Intent,Intent,Cthofrjk,your,your,The Formal,AI,Yes,10,10,10,1,10,10,10,Yes,9,10,10,8,10,9,10,Yes,10,10,10,1,10,8,9,Yes,1,3,3,3,1,5,1,No,10,10,5,1,10,3,10,No,9,2,2,8,8,8,5,No,10,10,5,1,1,3,2,Yes,1,1,1,1,2,2,2,Yes,9,10,10,1,10,10,10,Yes,9,9,9,9,9,5,9,Yes,10,3,6,2,4,4,4,Yes,8,5,8,5,4,5,5,No,5,9,1,6,8,5,7,No,7,5,6,5,5,5,1,No,1,3,5,3,5,5,8,Yes,2,3,3,1,7,5,5
29,I have heard about drones before,the intentional decision to do something,if they chose a route which went through no-fly zones with no wind,yes because they make a decision,8,6,4,6,human pilots can make decisions based on motivation while AI has no motivation except what they are programmed to do,5,3,Yes,a computer software that makes decisions,60d6497b6f2147b24ee44732,Fhljmakon,Fhljmakonian,Intent,Intent,Cthofrjk,your,your,The Formal,AI,Yes,10,10,7,1,10,9,10,Yes,10,10,5,10,10,10,10,Yes,1,1,3,2,3,3,6,Yes,0,0,3,6,3,2,4,No,10,10,8,3,10,6,8,No,4,10,4,7,8,5,5,Yes,0,1,3,0,2,2,4,No,0,0,1,3,4,2,6,Yes,10,10,9,1,8,10,10,Yes,10,10,3,10,9,9,10,Yes,2,6,7,1,4,6,5,Yes,0,1,4,5,4,5,7,No,10,10,8,0,9,9,10,No,7,9,4,10,8,10,10,Yes,1,4,6,0,3,4,7,Yes,0,2,3,4,5,4,6
31,I have heard about drones before,"Foresight, knowledge, ",Weather or not they followed the planned route,"Yes, although it would be programmed intent. ",8,8,2,1,The human pilot has more freedom to make a choice and is less able to be controlled by the trainer,5,4,Yes,"The drone is capable of making decisions regarding the route, it can also learn how to deal with unplanned situations",60e06ae17c1aacf5341d6f8c,Fhljmakon,Fhljmakonian,Intent,Intent,Cthofrjk,your,your,The Formal,Human,Yes,0,10,10,0,10,10,10,Yes,10,10,5,10,10,10,10,Yes,0,0,10,0,0,0,0,Yes,1,0,7,0,0,0,0,No,10,10,10,0,10,10,10,No,0,7,0,10,10,10,10,Yes,10,0,10,0,0,0,0,No,0,0,9,0,0,5,0,Yes,10,10,10,0,10,10,10,Yes,10,10,5,10,10,10,10,Yes,0,0,10,0,0,0,0,Yes,0,0,10,0,0,0,0,No,10,10,10,0,10,10,10,No,10,10,0,10,10,10,10,Yes,0,0,10,0,0,0,0,Yes,0,0,0,0,0,0,0
33,I have heard about drones before,they only had intent if multiple conditions are met simultaneously without outside influence,comparing the pilots intended flight plan to the flight that actually happened regardless of if they entered no-fly zones,no they can't have intent because intent implies some form of motive behind it that I do not believe AI's can possess,6,10,4,10,"an employer always has responsibility to make sure his company is running safely and effectively, software programmers have a li",6,4,Yes,the intelligence to create and follow flight plans which also accommodate for weather conditions like wind which may disrupt the,60e0b8e9ecfb9fad8eb4b396,Fhljmakon,Fhljmakonian,Intent,Intent,Cthofrjk,your,your,The Formal,Human,Yes,10,10,10,0,10,10,9,Yes,10,10,5,9,10,8,8,Yes,6,6,5,0,3,4,2,Yes,0,0,6,1,0,0,0,No,10,10,6,0,10,9,7,No,10,10,5,7,10,9,9,No,1,1,6,0,2,1,0,Yes,3,3,4,2,3,1,1,Yes,10,10,10,0,10,10,9,Yes,10,10,4,6,10,10,9,Yes,1,3,5,0,1,1,1,Yes,1,3,4,2,1,2,1,No,10,10,5,0,10,10,9,No,10,10,4,5,10,10,9,No,0,2,6,1,1,2,3,Yes,0,4,4,2,1,1,2
34,I have heard about drones before,"motivation, purpose, consciousness, awareness",whether there was wind or not,Yes if it is programmed to make it's own decisions rather than follow a specific code,6,5,8,7,I believe responsibility is a more human concept whereas AI is more ambiguous,6,1,Yes,a computer programme that freely controls the drone without human influence,60e1825f7bf27bc687dc20aa,Fhljmakon,Fhljmakonian,Intent,Intent,Cthofrjk,your,your,The Formal,Human,Yes,10,10,10,0,10,5,10,Yes,10,8,1,8,8,5,5,Yes,10,7,7,0,5,4,9,Yes,5,5,4,3,4,5,8,Yes,10,8,8,0,8,7,9,Yes,9,9,5,5,9,5,6,No,1,3,3,0,7,5,5,Yes,2,4,3,1,3,3,6,Yes,10,8,9,0,9,9,9,Yes,8,5,2,8,8,8,8,Yes,7,7,7,1,6,4,7,Yes,6,5,5,6,3,3,8,Yes,8,8,8,1,8,8,9,Yes,10,7,5,5,8,8,9,No,2,2,3,1,3,5,9,No,5,1,2,3,5,5,7
35,I have heard about drones before,It was planned and deliberate (desired + foreseeably),Wind level and how close to the illegal zones the route was,"No, It has to be programmed in ",10,4,5,7,Human error is a factor and also the fact that drones have to be programmed so if there is an issue its been done deliberately t,6,1,Yes,Unmanned and programmed to follow orders of a route,60e1b97d9e85e47446db321d,Fhljmakon,Fhljmakonian,Intent,Intent,Cthofrjk,your,your,The Formal,AI,Yes,0,10,10,0,10,0,9,Yes,10,10,5,7,7,2,2,Yes,3,8,8,2,5,2,5,Yes,5,6,5,4,5,6,6,No,10,10,6,1,10,8,4,No,10,6,6,6,4,4,4,Yes,0,9,8,1,7,3,7,Yes,5,6,5,3,4,5,5,Yes,10,10,10,0,10,1,10,Yes,10,10,3,7,9,10,3,Yes,3,9,7,2,7,6,9,Yes,4,4,6,4,7,5,3,No,10,10,5,2,10,5,7,No,10,10,3,7,10,2,7,No,1,8,9,1,8,9,2,Yes,2,7,7,1,6,3,9
37,I have heard about drones before,To not deviate from the desired flight plan,Flight plan vs wind vs flight time benefit,AI can have intent based on how it is programmed for a flight plan and how much benefit it can have on flight time,9,8,7,8,"Anyone who is involved in training, programming or setting up software related to the AI or flight plan procedures plays a part ",4,4,Yes,It is software that learns and does not need constant maintenance or direction in order to function,60e0b93c3038b854db4960ff,Fhljmakon,Fhljmakonian,Intent,Intent,Cthofrjk,your,your,The Formal,AI,Yes,8,9,9,1,9,9,9,Yes,3,9,7,6,6,6,5,Yes,8,10,10,1,10,8,9,Yes,5,9,8,8,9,8,7,No,5,9,5,1,8,8,8,No,1,3,4,3,3,4,3,No,10,4,8,1,7,6,8,Yes,6,3,4,1,3,4,4,Yes,9,9,9,1,9,9,10,Yes,10,10,8,8,9,8,8,Yes,1,8,7,1,7,7,6,Yes,1,4,4,1,4,2,3,No,9,9,8,1,9,7,8,No,9,9,6,8,7,7,7,Yes,1,3,6,1,4,2,3,Yes,1,3,4,2,3,3,3
40,I have heard about drones before,Decisive action - a decision calculated and purposely chosen,The decisions they made based on the weather,Yes as they have been programmed this way,7,7,10,10,"Humans can make split second judgements at the time, the programmed machines can only make the decisions they have been programm",5,6,No,Robots- machines made by humans to complete technical jobs,60df6d0879c92942c997958b,Fhljmakon,Fhljmakonian,Intent,Intent,Cthofrjk,your,your,The Formal,AI,Yes,10,10,10,1,9,9,10,Yes,7,8,6,6,10,9,10,Yes,10,10,8,1,8,8,7,Yes,10,7,8,2,8,7,7,No,10,10,10,1,10,10,10,No,10,10,10,6,9,10,7,No,7,9,10,1,10,10,7,No,8,1,7,7,10,9,9,Yes,10,10,10,1,10,10,10,Yes,10,10,3,10,10,10,10,Yes,10,10,10,1,8,7,8,No,1,1,3,4,2,4,6,No,10,10,6,1,10,9,10,No,10,1,4,3,9,9,10,No,10,3,4,0,10,9,7,No,1,1,4,5,8,7,8
41,I have heard about drones before,"planned, foreseeable, wish, ",original route/ time,no. it is programmed and therefore it is not the AI who has intent but rather the programmer,9,8,2,10,employers are vacariously liable for their employees,5,4,Yes,programmed and systematic way of doing something without human interaction,60ddb84386eb83559f02534c,Fhljmakon,Fhljmakonian,Intent,Intent,Cthofrjk,your,your,The Formal,AI,Yes,10,10,10,1,10,10,10,Yes,5,7,2,5,7,1,4,Yes,10,4,4,1,2,2,3,Yes,5,3,3,1,3,5,2,No,10,10,10,0,10,10,10,No,4,3,3,3,3,3,3,Yes,10,6,6,1,6,4,3,Yes,2,3,4,3,4,5,2,Yes,9,10,10,1,10,10,9,No,9,4,4,5,4,4,4,Yes,5,9,8,1,2,2,3,Yes,1,3,2,4,2,3,3,No,10,10,9,8,8,8,8,No,9,10,8,1,3,4,3,Yes,4,3,3,3,3,3,3,Yes,2,4,1,4,2,3,2
43,I have heard about drones before,"With purpose, aim, target",If they seemed to be heading in that direction initially and if it benefited its journey.,It can initially desire to go a certain way however ultimately the humans also play a role inits intent. Doesn't come from AI al,1,2,3,2,The employer hold limited responsibility as they didn't lay down the rules however without them actively employing them no law w,7,3,Yes,Automatically mapping out the route for the drone to take.,60e0bffb9cd65dae5610b542,Fhljmakon,Fhljmakonian,Intent,Intent,Cthofrjk,your,your,The Formal,Human,Yes,9,10,8,1,9,9,9,Yes,10,9,8,10,9,10,8,Yes,9,9,10,2,9,9,10,Yes,9,8,8,1,3,3,7,No,10,10,9,1,10,10,9,No,7,9,8,10,9,9,9,Yes,6,7,7,2,7,8,9,Yes,6,7,8,3,8,6,7,Yes,9,8,9,3,3,9,10,Yes,8,9,9,9,8,6,9,Yes,8,9,9,3,8,9,10,Yes,9,9,8,9,6,7,6,No,8,9,9,1,9,8,8,No,3,4,3,7,5,6,3,Yes,7,7,5,2,9,9,8,Yes,5,7,5,2,7,6,4
47,I have heard about drones before,Free will and acting on the desier to do so,"Based off how they flew during wind, and their obligation to follow the law","They would be able to compensate for the wind, predict the outcome of the direction turned, and compensate....intending to turn ",0,0,0,0,A person doesn't lose their autonomy when they sign a contract. A person is bound and governed by their own moral compass. No on,5,5,Yes,"A computer following a set of steps, and compensating with alternate programed steps, when the original plan is compromised",60e0fa90d40ed90b3ea99e4b,Fhljmakon,Fhljmakonian,Intent,Intent,Cthofrjk,your,your,The Formal,Human,Yes,10,10,10,0,10,10,5,Yes,10,10,9,10,10,10,5,Yes,0,0,10,0,0,10,5,Yes,10,0,10,0,0,0,5,No,10,10,9,0,10,10,5,No,10,10,9,5,10,10,5,No,0,0,10,0,0,0,5,No,0,0,5,0,0,5,5,Yes,10,10,10,0,10,10,5,Yes,10,10,9,6,10,10,5,Yes,10,10,10,0,10,10,5,Yes,0,0,10,0,0,0,5,No,10,10,5,0,10,10,5,No,10,10,9,5,10,10,5,No,0,0,10,0,0,0,5,No,0,0,9,0,0,0,5
49,I have heard about drones before,They made the decision before the event,Adherence to the flight plan,"Yes, because intent is learned through its programming",6,10,0,10,Instructors are not responsible for what pilots do after their training ends. Employers are responsible for the acts of their em,5,2,Yes,Computer programs becoming more sophisticated through experience,60e18fc810d0837bef0f5873,Fhljmakon,Fhljmakonian,Intent,Intent,Cthofrjk,your,your,The Formal,Human,Yes,10,10,10,0,10,10,10,Yes,10,10,0,10,10,10,10,Yes,0,0,10,0,10,10,0,Yes,0,0,9,0,10,10,0,No,10,10,0,0,10,10,10,No,10,0,0,10,10,10,10,No,10,0,10,0,10,10,10,Yes,0,0,10,0,10,10,0,Yes,10,10,10,0,10,10,10,Yes,10,10,0,10,10,10,10,Yes,0,0,0,0,0,10,0,Yes,0,0,8,0,0,10,0,No,10,10,0,0,10,10,10,No,10,0,0,0,0,10,10,No,0,0,8,0,0,10,0,Yes,0,0,0,0,0,10,0
50,I have heard about drones before,Fhljmakonian legal concept of  Intent is Criminal Law,Its accompany  the acts of certain crimes to constitute a violation,"A criminal law, an intent is a state of mind , AI simply got a programmer",8,5,3,3,The pilots cant be in full control at all times,7,6,Yes," simulation of human intelligence processes by machines, especially computer systems",60e022767fe4b17d5e9cddc0,Fhljmakon,Fhljmakonian,Intent,Intent,Cthofrjk,your,your,The Formal,AI,Yes,8,8,8,8,8,8,8,No,2,3,8,4,3,4,5,Yes,9,8,8,3,7,7,7,No,2,1,2,3,3,3,3,Yes,9,8,8,8,8,8,8,No,2,6,9,6,6,4,5,Yes,8,7,7,2,7,7,4,Yes,1,2,2,2,2,2,2,Yes,8,8,7,2,8,8,8,No,2,2,3,3,3,2,3,Yes,7,8,8,2,8,8,8,No,2,3,3,5,5,3,4,Yes,7,9,9,2,9,9,9,No,2,2,2,6,2,2,3,Yes,8,8,7,2,8,8,8,No,1,2,2,2,2,3,3
56,I have heard about drones before,foresight of the consequences,Whether the wind affected him,Because the intent will have been programmed.,8,8,9,9,Humans are more responsible,3,2,Yes,Automated and unmanned,60df1cc8cf3d0394f263b210,Fhljmakon,Fhljmakonian,Intent,Intent,Cthofrjk,your,your,The Formal,Human,Yes,10,10,10,0,10,10,9,Yes,8,6,6,9,9,9,9,Yes,8,7,6,1,3,3,2,Yes,1,2,4,1,1,2,2,No,8,8,8,1,8,8,8,No,5,10,8,8,8,10,10,Yes,1,2,5,2,2,2,2,Yes,2,1,4,2,2,2,2,Yes,9,10,10,1,10,9,9,Yes,7,7,6,9,7,7,7,Yes,2,2,5,1,2,1,2,Yes,1,1,4,1,1,1,1,No,10,9,9,1,9,9,9,No,10,9,8,8,9,9,9,Yes,10,10,9,1,9,8,6,Yes,2,7,6,2,1,1,1
58,I have heard about drones before,to have in mind purpose or goal,flight path and wind,yes as they have some degree of control,10,10,1,2,instructor can not be responsible for actions of pilot once training is completed,8,7,No,computer controlled drone by software,5ac64f340527ba0001c224fc,Fhljmakon,Fhljmakonian,Intent,Intent,Cthofrjk,your,your,The Formal,Human,Yes,10,10,10,3,10,10,10,Yes,10,10,5,4,10,5,6,Yes,10,10,10,2,10,10,10,Yes,8,2,4,4,4,4,5,No,10,10,4,4,10,7,6,No,1,2,2,2,10,2,4,No,10,10,5,5,10,10,10,Yes,10,2,9,5,10,6,6,Yes,10,10,10,1,10,10,10,Yes,10,10,10,10,10,10,10,Yes,10,10,10,5,10,10,10,Yes,2,3,4,2,10,4,4,No,2,10,3,10,10,10,4,No,5,2,4,4,10,5,5,Yes,10,10,10,2,10,10,10,Yes,3,1,5,6,5,4,2
59,I have heard about drones before,Aim and objective of the ai pilot,Choices of the Ai Pilot,The tike frame registered for the AI to reach its target,10,8,8,9,"Because it is being controlled by humans, and they are trained ",3,8,Yes,Programmed drones achieving a goal,60df70ed696ecb699b7751fc,Fhljmakon,Fhljmakonian,Intent,Intent,Cthofrjk,your,your,The Formal,AI,Yes,7,8,6,0,5,7,7,Yes,0,6,3,6,7,4,6,No,9,8,7,0,0,3,0,Yes,5,7,1,5,7,7,7,No,0,10,0,0,8,8,0,No,0,7,0,6,7,6,0,Yes,5,7,8,0,5,6,6,Yes,6,0,8,2,1,7,0,Yes,8,6,6,7,6,6,5,No,10,9,2,10,8,7,7,Yes,9,7,6,0,7,5,6,No,1,0,8,3,2,1,1,No,9,8,0,0,8,6,3,No,8,10,0,8,7,8,2,No,10,7,8,0,6,6,4,No,8,7,0,7,3,6,2
60,I have heard about drones before,"Intentional, on purpose",The pilot had knowledge of the wind prior to the flight.,"Yes, it only does what it intends to do",10,10,10,10,"Because whoever is in charge and makes the plan is responsible, and whoever is responsible for them as well.",3,2,Yes,More advanced measures for flying drones,5dbc82054ea3b2235b277058,Fhljmakon,Fhljmakonian,Intent,Intent,Cthofrjk,your,your,The Formal,Human,Yes,10,10,10,0,10,10,10,No,10,10,0,10,10,10,10,Yes,10,10,10,0,10,10,10,Yes,5,5,10,0,5,5,10,No,10,10,10,0,10,10,10,No,0,10,0,10,10,10,10,Yes,10,10,10,0,10,0,10,Yes,0,0,10,0,1,5,10,Yes,10,10,10,0,10,10,10,No,10,10,0,10,10,10,10,Yes,10,10,10,0,10,10,10,No,10,10,0,10,10,10,10,Yes,10,10,10,0,10,10,10,No,10,10,0,10,10,10,10,Yes,10,10,10,0,10,10,10,No,10,10,0,10,10,10,10
62,I have heard about drones before,"Desire, Cause, Want.",Desirability and the plan.,Yes as AI can make yes/ no decisions on what best suits their performance.,6,6,3,3,The Employer and Instructor will have some responsibility for the explanations and instructing of severity of the actions howeve,4,3,Yes,It could be really useful towards the logistics company.,60e0ec3dd9c51beb8edd7445,Fhljmakon,Fhljmakonian,Intent,Intent,Cthofrjk,your,your,The Formal,Human,Yes,10,10,10,1,10,10,10,Yes,10,10,8,10,10,10,10,Yes,5,4,6,1,6,6,4,Yes,5,1,4,1,1,1,2,No,5,3,3,1,6,4,6,No,5,4,2,7,3,5,3,No,1,1,8,1,2,7,6,Yes,4,1,4,1,2,6,1,Yes,10,10,10,1,10,10,10,Yes,10,10,6,10,10,10,10,Yes,3,3,4,1,2,5,4,Yes,4,3,1,2,3,5,2,No,5,7,3,1,4,5,3,No,5,4,2,3,6,5,3,No,1,1,7,1,2,5,3,Yes,4,4,2,5,2,5,3
63,I have heard about drones before,"criminal law that proscribe character that may harm or threaten life, property and health",since there are guideline and where the human pilot can not drive the drone through,"no, because they can only carry out instructions they have being programmed for",10,2,10,10,because artificial intelligent can not think on their own but only what is programmed so the programmer is to be blamed if it br,5,2,Yes,a robotic machine that is programmed to carry out a specific instruction,60e02b2fde1ce3582206719c,Fhljmakon,Fhljmakonian,Intent,Intent,Cthofrjk,your,your,The Formal,Human,Yes,9,9,9,4,9,9,8,Yes,0,9,6,8,8,10,8,Yes,10,7,7,2,8,2,7,Yes,1,1,3,2,2,2,2,No,10,10,3,0,9,9,5,No,3,1,1,4,2,2,2,Yes,7,9,8,0,9,9,8,Yes,6,1,1,4,4,4,2,Yes,10,9,9,2,9,9,9,Yes,8,9,6,8,7,8,8,Yes,3,6,5,3,2,3,3,Yes,1,3,2,2,2,1,4,No,10,9,4,8,8,8,5,No,9,8,1,9,9,9,9,No,1,4,4,5,8,3,7,Yes,0,4,4,2,2,9,4
66,I have heard about drones before,"Planned, Consciously-Decided",Whether the wind or the pilot caused the drone to pass through the square,No because AI is programmed by humans thus it is the humans that have intent,9,9,6,6,A human pilot's instructors and employers have greater responsibility than an AI pilot's equivalents. An instructor has the resp,4,5,Yes,The drones are autonomous meaning that they are able to make their own decisions and thus plan their own flight paths with no hu,60e1cc8d70825ff9d7caf113,Fhljmakon,Fhljmakonian,Intent,Intent,Cthofrjk,your,your,The Formal,Human,Yes,1,10,10,1,10,10,10,Yes,10,10,8,10,10,10,10,Yes,1,9,9,1,9,8,2,Yes,1,6,5,1,1,10,6,Yes,10,10,10,1,10,10,10,No,10,10,6,10,10,10,10,Yes,1,9,9,1,9,10,8,Yes,1,1,3,1,1,10,1,Yes,10,10,10,1,10,10,10,Yes,10,10,1,10,10,10,10,Yes,1,6,9,1,7,10,8,Yes,1,1,8,1,7,5,6,No,10,10,7,1,10,10,10,No,10,10,1,10,10,10,10,Yes,1,2,8,1,6,7,8,Yes,1,1,9,1,5,6,6
67,I have heard about drones before,Willingly brake the law,Whether it was windy or not,Yes thay seemed to go off cours with out wind or country to the prevaling wind,6,5,6,7,Correct Training and protacall,4,1,Yes,Room for errors to occur,60e060cff610d45c130ff87d,Fhljmakon,Fhljmakonian,Intent,Intent,Cthofrjk,your,your,The Formal,AI,Yes,10,10,10,4,10,10,10,Yes,0,10,10,9,9,9,10,Yes,10,10,10,5,10,10,10,Yes,7,1,10,1,3,8,8,No,1,7,5,0,10,10,5,No,0,9,5,10,10,10,10,Yes,10,10,10,1,10,10,10,No,5,1,10,1,3,5,8,Yes,10,10,10,0,10,10,10,Yes,9,9,6,10,10,10,10,Yes,3,4,10,2,6,6,6,No,1,3,9,1,5,5,6,No,9,8,8,3,10,10,10,No,10,8,6,10,10,10,9,Yes,10,10,10,0,10,10,10,No,1,3,9,5,7,6,7
69,I have heard about drones before,They desired to fly through that specific zone.,From the experience of some pilots.,current science has made everyting possible.,10,10,10,10,I am speaking from my experience.,7,2,No,I don't think there is any possibility.,60df40102efaff7821689d62,Fhljmakon,Fhljmakonian,Intent,Intent,Cthofrjk,your,your,The Formal,AI,Yes,8,7,10,1,9,0,8,Yes,7,7,9,1,9,5,9,Yes,8,8,10,1,9,5,7,Yes,9,7,8,1,10,5,8,Yes,10,9,10,1,9,3,7,Yes,7,6,10,1,8,4,8,Yes,7,10,9,2,10,8,9,Yes,5,5,10,1,8,4,9,Yes,8,10,10,0,10,5,8,Yes,8,8,10,0,10,5,8,Yes,9,9,9,0,10,4,8,Yes,7,7,9,2,10,5,8,Yes,10,9,7,1,8,5,8,Yes,4,5,10,1,10,4,7,Yes,7,9,10,0,10,5,8,Yes,6,8,10,1,8,4,7
71,Drones are new to me,"criminal, purposeful, knowingly","if it was beneficial/non-beneficial, legal/illegal, and if it was windy",I think the intent is to get to the end goal and to follow the plan according to the rules,3,6,7,6,Technology is following instructions and humans have free will,6,6,Yes,following flight plans accordingly,5f7b6f66f815c412bc31bc7c,Fhljmakon,Fhljmakonian,Intent,Intent,Cthofrjk,your,your,The Formal,AI,Yes,0,10,10,0,10,0,10,Yes,0,10,2,10,10,0,10,Yes,10,4,7,0,7,0,7,Yes,10,2,5,0,6,0,4,No,0,10,7,0,10,5,10,No,10,10,2,10,10,10,10,No,10,3,8,0,7,0,5,Yes,10,3,5,0,6,0,5,Yes,10,10,10,0,10,0,10,Yes,10,10,1,10,10,10,10,Yes,0,4,8,0,9,0,8,Yes,0,2,3,0,5,0,6,No,10,10,10,0,10,0,10,No,10,10,3,10,10,0,10,No,0,4,9,0,9,1,9,Yes,0,2,6,0,6,0,6
72,I have heard about drones before,It was done on purpose,Whether there was wind or not,"Yes I do, as not everyone is honest ",5,5,10,3,Just by following instructions,3,4,Yes,I’m not sure to be honest,60df2fb643e3c64f5adda16b,Fhljmakon,Fhljmakonian,Intent,Intent,Cthofrjk,your,your,The Formal,Human,Yes,10,10,8,0,9,9,7,No,0,1,1,10,10,10,10,Yes,8,5,6,4,3,3,7,Yes,6,2,5,4,3,3,6,Yes,10,10,10,1,10,10,10,No,0,10,2,8,10,8,10,Yes,6,3,4,4,1,5,4,No,3,2,4,6,6,6,7,Yes,8,10,7,1,10,10,10,No,10,10,0,10,10,10,7,Yes,1,2,5,1,4,3,3,Yes,1,0,7,1,3,2,6,Yes,10,10,4,1,10,10,7,No,10,10,1,10,10,10,6,Yes,0,4,8,1,2,2,6,Yes,0,1,6,1,3,3,5